{"stats":{"minecraft:picked_up":{"minecraft:birch_button":6,"minecraft:totem_of_undying":130,"minecraft:white_shulker_box":5,"minecraft:gunpowder":1,"minecraft:torch":64},"minecraft:used":{"minecraft:item_frame":5,"minecraft:redstone_block":131,"minecraft:structure_block":11},"minecraft:custom":{"minecraft:jump":63,"minecraft:open_chest":1,"minecraft:time_since_rest":13972,"minecraft:crouch_one_cm":91,"minecraft:play_time":13972,"minecraft:leave_game":2,"minecraft:sprint_one_cm":6100,"minecraft:damage_taken":40,"minecraft:time_since_death":13972,"minecraft:walk_one_cm":9663,"minecraft:sneak_time":623,"minecraft:total_world_time":13972,"minecraft:fall_one_cm":407,"minecraft:fly_one_cm":53722}},"DataVersion":3465}