{"stats":{"minecraft:custom":{"minecraft:time_since_rest":24366,"minecraft:open_chest":1,"minecraft:crouch_one_cm":91,"minecraft:play_time":24366,"minecraft:sprint_one_cm":13128,"minecraft:damage_taken":40,"minecraft:walk_one_cm":13555,"minecraft:sneak_time":624,"minecraft:mob_kills":18,"minecraft:jump":153,"minecraft:damage_dealt":4260,"minecraft:leave_game":4,"minecraft:time_since_death":24366,"minecraft:total_world_time":24366,"minecraft:fall_one_cm":407,"minecraft:fly_one_cm":65414},"minecraft:picked_up":{"minecraft:white_banner":2,"minecraft:torch":64,"minecraft:beef":2,"minecraft:birch_button":6,"minecraft:totem_of_undying":130,"minecraft:emerald":3,"minecraft:gunpowder":1,"minecraft:white_shulker_box":5},"minecraft:used":{"minecraft:item_frame":5,"minecraft:netherite_sword":50,"minecraft:cow_spawn_egg":1,"minecraft:redstone_block":131,"minecraft:pillager_spawn_egg":6,"minecraft:vindicator_spawn_egg":7,"minecraft:structure_block":11},"minecraft:killed":{"minecraft:vindicator":7,"minecraft:illusioner":1,"minecraft:evoker":3,"minecraft:pillager":6,"minecraft:cow":1}},"DataVersion":3465}